kommnr;Kommune;arsverk_2020;arsverk_2021_for;Brutto_driftsutgifter_helse_2021;Folkemengde_2021;arsverk_2021_end;x;kostragr;kostranavn;kommnavn;imp
0301;0301 Oslo;614,5;608,3;19991051;697010;616,1;NA;EKG13;KOSTRA-gruppe 13;Oslo;1
1101;1101 Eigersund;10,9;10,9;468873;14787;10,9;NA;EKG07;KOSTRA-gruppe 7;Eigersund;1
1103;1103 Stavanger;134,4;128,3;3832693;144147;128,3;NA;EKG12;KOSTRA-gruppe 12;Stavanger;1
1106;1106 Haugesund;30,3;29,8;1208662;37323;29,8;NA;EKG10;KOSTRA-gruppe 10;Haugesund;1
1108;1108 Sandnes;55,2;55,9;1934138;80450;55,9;NA;EKG12;KOSTRA-gruppe 12;Sandnes;1
1111;1111 Sokndal;2,0;2,1;128395;3257;2,1;NA;EKG04;KOSTRA-gruppe 4;Sokndal;1
1112;1112 Lund;4,1;4,1;108943;3174;4,1;NA;EKG04;KOSTRA-gruppe 4;Lund;1
1114;1114 Bjerkreim;2,6;2,6;74320;2791;2,6;NA;EKG04;KOSTRA-gruppe 4;Bjerkreim;1
1119;1119 HÃ¯Â¿Â½;14,5;15,2;542010;19120;15,2;NA;EKG07;KOSTRA-gruppe 7;Hå;1
1120;1120 Klepp;12,7;12,7;481809;19848;12,7;NA;EKG07;KOSTRA-gruppe 7;Klepp;1
1121;1121 Time;12,5;12,5;500993;19106;12,5;NA;EKG07;KOSTRA-gruppe 7;Time;1
1122;1122 Gjesdal;7,3;7,1;297226;12064;7,1;NA;EKG07;KOSTRA-gruppe 7;Gjesdal;1
1124;1124 Sola;17,3;17,3;779510;27457;17,3;NA;EKG09;KOSTRA-gruppe 9;Sola;1
1127;1127 Randaberg;9,6;7,6;336058;11315;7,6;NA;EKG07;KOSTRA-gruppe 7;Randaberg;1
1130;1130 Strand;11,7;11,6;383223;13070;11,6;NA;EKG07;KOSTRA-gruppe 7;Strand;1
1133;1133 Hjelmeland;3,0;3,0;96213;2580;3,0;NA;EKG06;KOSTRA-gruppe 6;Hjelmeland;1
1134;1134 Suldal;4,5;4,5;187371;3809;4,5;NA;EKG17;KOSTRA-gruppe 17;Suldal;1
1135;1135 Sauda;3,8;3,8;220208;4561;3,8;NA;EKG06;KOSTRA-gruppe 6;Sauda;1
1144;1144 KvitsÃ¯Â¿Â½y;0,5;0,5;20730;507;0,5;NA;EKG16;KOSTRA-gruppe 16;Kvitsøy;1
1145;1145 Bokn;1,5;1,4;43179;859;1,4;NA;EKG14;KOSTRA-gruppe 14;Bokn;1
1146;1146 TysvÃ¯Â¿Â½r;10,2;10,4;392589;11178;10,4;NA;EKG08;KOSTRA-gruppe 8;Tysvær;1
1149;1149 KarmÃ¯Â¿Â½y;27,8;27,4;1336520;42345;27,4;NA;EKG10;KOSTRA-gruppe 10;Karmøy;1
1151;1151 Utsira;0,8;0,9;11896;192;0,9;NA;EKG16;KOSTRA-gruppe 16;Utsira;1
1160;1160 Vindafjord;6,6;6,6;319888;8705;6,6;NA;EKG01;KOSTRA-gruppe 1;Vindafjord;1
1505;1505 Kristiansund;27,1;27,6;869692;24099;27,6;NA;EKG09;KOSTRA-gruppe 9;Kristiansund;1
1506;1506 Molde;34,4;34,5;1220457;31870;34,5;NA;EKG10;KOSTRA-gruppe 10;Molde;1
1507;1507 Ã¯Â¿Â½lesund;54,7;54,8;2343287;66670;54,8;NA;EKG11;KOSTRA-gruppe 11;Ålesund;1
1511;1511 Vanylven;4,0;4,7;150825;3083;4,7;NA;EKG05;KOSTRA-gruppe 5;Vanylven;1
1514;1514 Sande;2,5;2,5;128861;2445;2,5;NA;EKG04;KOSTRA-gruppe 4;Sande;1
1515;1515 HerÃ¯Â¿Â½y (MÃ¯Â¿Â½re og Romsdal);8,2;7,8;306326;8858;7,8;NA;EKG01;KOSTRA-gruppe 1;Herøy (Møre og Romsdal);1
1516;1516 Ulstein;7,5;7,5;245537;8575;7,5;NA;EKG01;KOSTRA-gruppe 1;Ulstein;1
1517;1517 Hareid;4,5;4,5;164146;5140;4,5;NA;EKG01;KOSTRA-gruppe 1;Hareid;1
1520;1520 Ã¯Â¿Â½rsta;11,4;11,4;388677;10830;11,4;NA;EKG07;KOSTRA-gruppe 7;Ørsta;1
1525;1525 Stranda;4,0;4,0;187733;4482;4,0;NA;EKG01;KOSTRA-gruppe 1;Stranda;1
1528;1528 Sykkylven;8,5;8,5;245729;7596;8,5;NA;EKG01;KOSTRA-gruppe 1;Sykkylven;1
1531;1531 Sula;7,3;8,2;296831;9409;8,2;NA;EKG01;KOSTRA-gruppe 1;Sula;1
1532;1532 Giske;5,2;5,4;274967;8506;5,4;NA;EKG01;KOSTRA-gruppe 1;Giske;1
1535;1535 Vestnes;4,5;4,5;400448;6958;4,5;NA;EKG04;KOSTRA-gruppe 4;Vestnes;1
1539;1539 Rauma;7,9;6,6;298343;7026;6,6;NA;EKG01;KOSTRA-gruppe 1;Rauma;1
1547;1547 Aukra;4,2;4,2;164313;3522;4,2;NA;EKG17;KOSTRA-gruppe 17;Aukra;1
1554;1554 AverÃ¯Â¿Â½y;4,1;4,6;200748;5808;4,6;NA;EKG01;KOSTRA-gruppe 1;Averøy;1
1557;1557 Gjemnes;4,0;3,0;115594;2658;3,0;NA;EKG04;KOSTRA-gruppe 4;Gjemnes;1
1560;1560 Tingvoll;3,0;3,0;116100;2985;3,0;NA;EKG05;KOSTRA-gruppe 5;Tingvoll;1
1563;1563 Sunndal;7,0;7,0;290589;6956;7,0;NA;EKG05;KOSTRA-gruppe 5;Sunndal;1
1566;1566 Surnadal;6,0;6,0;227580;5872;6,0;NA;EKG01;KOSTRA-gruppe 1;Surnadal;1
1573;1573 SmÃ¯Â¿Â½la;2,5;1,5;100440;2128;1,5;NA;EKG06;KOSTRA-gruppe 6;Smøla;1
1576;1576 Aure;3,3;3,3;140833;3468;3,3;NA;EKG06;KOSTRA-gruppe 6;Aure;1
1577;1577 Volda;11,0;NA;403283;10781;11,5;NA;EKG07;KOSTRA-gruppe 7;Volda;2
1578;1578 Fjord;3,9;3,9;128766;2502;3,9;NA;EKG06;KOSTRA-gruppe 6;Fjord;1
1579;1579 Hustadvika;11,6;12,3;454132;13317;12,3;NA;EKG07;KOSTRA-gruppe 7;Hustadvika;1
1804;1804 BodÃ¯Â¿Â½;63,2;63,4;1622348;52560;63,4;NA;EKG11;KOSTRA-gruppe 11;Bodø;1
1806;1806 Narvik;26,6;26,5;966397;21661;26,5;NA;EKG09;KOSTRA-gruppe 9;Narvik;1
1811;1811 Bindal;2,0;2,0;88429;1397;2,0;NA;EKG15;KOSTRA-gruppe 15;Bindal;1
1812;1812 SÃ¯Â¿Â½mna;3,7;2,7;81678;1990;2,7;NA;EKG15;KOSTRA-gruppe 15;Sømna;1
1813;1813 BrÃ¯Â¿Â½nnÃ¯Â¿Â½y;10,6;10,6;300664;7803;10,6;NA;EKG02;KOSTRA-gruppe 2;Brønnøy;1
1815;1815 Vega;2,0;1,8;54341;1182;1,8;NA;EKG14;KOSTRA-gruppe 14;Vega;1
1816;1816 Vevelstad;1,0;1,0;26424;465;1,0;NA;EKG16;KOSTRA-gruppe 16;Vevelstad;1
1818;1818 HerÃ¯Â¿Â½y (Nordland);3,1;2,8;77434;1793;2,8;NA;EKG15;KOSTRA-gruppe 15;Herøy (Nordland);1
1820;1820 Alstahaug;11,3;11,0;257968;7394;11,0;NA;EKG02;KOSTRA-gruppe 2;Alstahaug;1
1822;1822 Leirfjord;3,3;3,3;100827;2278;3,3;NA;EKG05;KOSTRA-gruppe 5;Leirfjord;1
1824;1824 Vefsn;16,0;17,0;498009;13268;17,0;NA;EKG08;KOSTRA-gruppe 8;Vefsn;1
1825;1825 Grane;1,0;1,0;65233;1453;1,0;NA;EKG14;KOSTRA-gruppe 14;Grane;1
1826;1826 Hattfjelldal;2,5;2,5;78303;1267;2,5;NA;EKG15;KOSTRA-gruppe 15;Aarborte - Hattfjelldal;1
1827;1827 DÃ¯Â¿Â½nna;1,6;1,7;66505;1371;1,7;NA;EKG15;KOSTRA-gruppe 15;Dønna;1
1828;1828 Nesna;0,4;0,4;98280;1701;0,4;NA;EKG15;KOSTRA-gruppe 15;Nesna;1
1832;1832 Hemnes;2,6;1,9;202338;4428;1,9;NA;EKG06;KOSTRA-gruppe 6;Hemnes;1
1833;1833 Rana;28,7;28,7;901597;26083;28,7;NA;EKG09;KOSTRA-gruppe 9;Rana;1
1834;1834 LurÃ¯Â¿Â½y;1,8;1,7;84291;1876;1,7;NA;EKG15;KOSTRA-gruppe 15;Lurøy;1
1835;1835 TrÃ¯Â¿Â½na;0,6;0,6;26995;442;0,6;NA;EKG16;KOSTRA-gruppe 16;Træna;1
1836;1836 RÃ¯Â¿Â½dÃ¯Â¿Â½y;2,0;2,0;67042;1206;2,0;NA;EKG15;KOSTRA-gruppe 15;Rødøy;1
1837;1837 MelÃ¯Â¿Â½y;8,6;9,6;317944;6247;9,6;NA;EKG06;KOSTRA-gruppe 6;Meløy;1
1838;1838 GildeskÃ¯Â¿Â½l;2,6;2,6;98864;1920;2,6;NA;EKG15;KOSTRA-gruppe 15;Gildeskål;1
1839;1839 Beiarn;1,2;1,5;69829;999;1,5;NA;EKG15;KOSTRA-gruppe 15;Beiarn;1
1840;1840 Saltdal;5,8;5,8;246089;4632;5,8;NA;EKG05;KOSTRA-gruppe 5;Saltdal;1
1841;1841 Fauske - Fuossko;11,0;12,8;336631;9640;12,8;NA;EKG02;KOSTRA-gruppe 2;Fauske - Fuossko;1
1845;1845 SÃ¯Â¿Â½rfold;3,1;3,1;115749;1912;3,1;NA;EKG15;KOSTRA-gruppe 15;Sørfold;1
1848;1848 Steigen;2,0;2,0;129318;2586;2,0;NA;EKG06;KOSTRA-gruppe 6;Steigen;1
1851;1851 LÃ¯Â¿Â½dingen;2,0;2,0;127889;2003;2,0;NA;EKG05;KOSTRA-gruppe 5;Lødingen;1
1853;1853 Evenes;3,0;1,3;66527;1324;1,3;NA;EKG14;KOSTRA-gruppe 14;Evenes - Evená??i;1
1856;1856 RÃ¯Â¿Â½st;0,4;0,4;27182;488;0,4;NA;EKG16;KOSTRA-gruppe 16;Røst;1
1857;1857 VÃ¯Â¿Â½rÃ¯Â¿Â½y;1,0;1,0;35871;698;1,0;NA;EKG14;KOSTRA-gruppe 14;Værøy;1
1859;1859 Flakstad;2,1;2,1;79940;1238;2,1;NA;EKG15;KOSTRA-gruppe 15;Flakstad;1
1860;1860 VestvÃ¯Â¿Â½gÃ¯Â¿Â½y;12,8;12,8;406832;11521;12,8;NA;EKG08;KOSTRA-gruppe 8;Vestvågøy;1
1865;1865 VÃ¯Â¿Â½gan;11,8;10,0;376464;9670;10,0;NA;EKG02;KOSTRA-gruppe 2;Vågan;1
1866;1866 Hadsel;10,0;10,0;309357;8065;10,0;NA;EKG03;KOSTRA-gruppe 3;Hadsel;1
1867;1867 BÃ¯Â¿Â½;3,1;3,1;134564;2576;3,1;NA;EKG05;KOSTRA-gruppe 5;Bø;1
1868;1868 Ã¯Â¿Â½ksnes;6,4;6,2;186683;4416;6,2;NA;EKG02;KOSTRA-gruppe 2;Øksnes;1
1870;1870 Sortland;12,8;12,8;342040;10514;12,8;NA;EKG08;KOSTRA-gruppe 8;Sortland - Suortá;1
1871;1871 AndÃ¯Â¿Â½y;6,0;6,0;178349;4588;6,0;NA;EKG04;KOSTRA-gruppe 4;Andøy;1
1874;1874 Moskenes;1,0;NA;98105;989;1,0;NA;EKG15;KOSTRA-gruppe 15;Moskenes;2
1875;1875 HamarÃ¯Â¿Â½y;3,0;3,0;155727;2701;3,0;NA;EKG06;KOSTRA-gruppe 6;Hábmer - Hamarøy;1
3001;3001 Halden;27,0;27,0;1244518;31387;27,0;NA;EKG10;KOSTRA-gruppe 10;Halden;1
3002;3002 Moss;41,1;45,5;1590629;49668;42,5;NA;EKG11;KOSTRA-gruppe 11;Moss;1
3003;3003 Sarpsborg;43,9;44,6;1954235;57372;44,6;NA;EKG11;KOSTRA-gruppe 11;Sarpsborg;1
3004;3004 Fredrikstad;64,8;68,8;2683721;83193;68,8;NA;EKG12;KOSTRA-gruppe 12;Fredrikstad;1
3005;3005 Drammen;103,9;107,9;2926030;101859;107,9;NA;EKG12;KOSTRA-gruppe 12;Drammen;1
3006;3006 Kongsberg;32,0;32,0;915964;27694;32,0;NA;EKG09;KOSTRA-gruppe 9;Kongsberg;1
3007;3007 Ringerike;34,6;35,1;968830;30835;35,1;NA;EKG10;KOSTRA-gruppe 10;Ringerike;1
3011;3011 Hvaler;3,0;3,3;166939;4694;3,3;NA;EKG02;KOSTRA-gruppe 2;Hvaler;1
3012;3012 Aremark;1,0;1,0;62729;1325;1,0;NA;EKG14;KOSTRA-gruppe 14;Aremark;1
3013;3013 Marker;3,8;4,4;139321;3601;4,4;NA;EKG01;KOSTRA-gruppe 1;Marker;1
3014;3014 Indre Ã¯Â¿Â½stfold;34,8;35,3;1413515;45201;35,3;NA;EKG10;KOSTRA-gruppe 10;Indre Østfold;1
3015;3015 Skiptvet;3,5;3,5;111740;3825;3,5;NA;EKG01;KOSTRA-gruppe 1;Skiptvet;1
3016;3016 Rakkestad;11,2;11,4;297685;8222;11,4;NA;EKG01;KOSTRA-gruppe 1;Rakkestad;1
3017;3017 RÃ¯Â¿Â½de;5,0;6,0;260027;7568;6,0;NA;EKG01;KOSTRA-gruppe 1;Råde;1
3018;3018 VÃ¯Â¿Â½ler (Ã¯Â¿Â½stfold);7,0;7,0;142265;5805;7,0;NA;EKG01;KOSTRA-gruppe 1;Våler (Viken);1
3019;3019 Vestby;15,4;16,3;429079;18290;16,3;NA;EKG07;KOSTRA-gruppe 7;Vestby;1
3020;3020 Nordre Follo;61,6;62,1;1707172;60034;62,1;NA;EKG11;KOSTRA-gruppe 11;Nordre Follo;1
3021;3021 Ã¯Â¿Â½s;19,9;18,9;545838;20439;18,9;NA;EKG09;KOSTRA-gruppe 9;Ås;1
3022;3022 Frogn;18,0;18,0;475265;15953;18,0;NA;EKG07;KOSTRA-gruppe 7;Frogn;1
3023;3023 Nesodden;16,1;15,8;507157;19805;15,8;NA;EKG07;KOSTRA-gruppe 7;Nesodden;1
3024;3024 BÃ¯Â¿Â½rum;121,1;123,3;4463529;128233;123,4;NA;EKG12;KOSTRA-gruppe 12;Bærum;1
3025;3025 Asker;96,8;99,6;2872668;94915;99,6;NA;EKG12;KOSTRA-gruppe 12;Asker;1
3026;3026 Aurskog-HÃ¯Â¿Â½land;14,1;14,9;481923;17591;14,9;NA;EKG07;KOSTRA-gruppe 7;Aurskog-Høland;1
3027;3027 RÃ¯Â¿Â½lingen;14,6;14,6;460294;18730;14,6;NA;EKG07;KOSTRA-gruppe 7;Rælingen;1
3028;3028 Enebakk;10,0;10,0;269219;11065;10,0;NA;EKG07;KOSTRA-gruppe 7;Enebakk;1
3029;3029 LÃ¯Â¿Â½renskog;38,9;38,5;1020058;42740;38,5;NA;EKG10;KOSTRA-gruppe 10;Lørenskog;1
3030;3030 LillestrÃ¯Â¿Â½m;76,4;77,4;2225999;86953;77,4;NA;EKG12;KOSTRA-gruppe 12;Lillestrøm;1
3031;3031 Nittedal;19,9;17,9;611020;24454;17,9;NA;EKG09;KOSTRA-gruppe 9;Nittedal;1
3032;3032 Gjerdrum;7,7;6,3;194020;7043;6,3;NA;EKG01;KOSTRA-gruppe 1;Gjerdrum;1
3033;3033 Ullensaker;32,1;33,3;1689673;40459;33,3;NA;EKG10;KOSTRA-gruppe 10;Ullensaker;1
3034;3034 Nes;26,1;24,8;584620;23422;24,8;NA;EKG09;KOSTRA-gruppe 9;Nes;1
3035;3035 Eidsvoll;22,7;22,7;696257;26031;22,7;NA;EKG09;KOSTRA-gruppe 9;Eidsvoll;1
3036;3036 Nannestad;9,0;11,3;320954;14637;11,3;NA;EKG07;KOSTRA-gruppe 7;Nannestad;1
3037;3037 Hurdal;2,5;2,5;99791;2838;2,5;NA;EKG04;KOSTRA-gruppe 4;Hurdal;1
3038;3038 Hole;6,1;6,0;209492;6811;6,0;NA;EKG01;KOSTRA-gruppe 1;Hole;1
3039;3039 FlÃ¯Â¿Â½;2,0;2,0;54153;1049;2,0;NA;EKG15;KOSTRA-gruppe 15;Flå;1
3040;3040 Nesbyen;5,0;4,3;196471;3262;4,3;NA;EKG04;KOSTRA-gruppe 4;Nesbyen;1
3041;3041 Gol;5,4;5,9;220346;4636;5,9;NA;EKG05;KOSTRA-gruppe 5;Gol;1
3042;3042 Hemsedal;4,0;4,5;107449;2546;4,5;NA;EKG04;KOSTRA-gruppe 4;Hemsedal;1
3043;3043 Ã¯Â¿Â½l;7,6;7,6;243685;4648;7,6;NA;EKG05;KOSTRA-gruppe 5;Ål;1
3044;3044 Hol;6,0;6,0;218345;4434;6,0;NA;EKG03;KOSTRA-gruppe 3;Hol;1
3045;3045 Sigdal;5,7;5,7;148256;3465;5,7;NA;EKG04;KOSTRA-gruppe 4;Sigdal;1
3046;3046 KrÃ¯Â¿Â½dsherad;3,1;4,0;84878;2219;4,0;NA;EKG04;KOSTRA-gruppe 4;Krødsherad;1
3047;3047 Modum;18,2;17,2;457706;14166;17,2;NA;EKG07;KOSTRA-gruppe 7;Modum;1
3048;3048 Ã¯Â¿Â½vre Eiker;16,2;16,2;569899;19709;16,2;NA;EKG07;KOSTRA-gruppe 7;Øvre Eiker;1
3049;3049 Lier;17,0;23,0;769515;27118;22,0;NA;EKG09;KOSTRA-gruppe 9;Lier;1
3050;3050 Flesberg;2,1;2,1;101310;2713;2,1;NA;EKG04;KOSTRA-gruppe 4;Flesberg;1
3051;3051 Rollag;2,3;2,3;74394;1386;2,3;NA;EKG14;KOSTRA-gruppe 14;Rollag;1
3052;3052 Nore og Uvdal;3,6;3,6;124507;2412;3,6;NA;EKG06;KOSTRA-gruppe 6;Nore og Uvdal;1
3053;3053 Jevnaker;7,6;6,1;187009;6867;6,6;NA;EKG01;KOSTRA-gruppe 1;Jevnaker;1
3054;3054 Lunner;10,3;NA;280769;9062;9,5;NA;EKG01;KOSTRA-gruppe 1;Lunner;2
3401;3401 Kongsvinger;21,5;20,7;648359;17851;20,7;NA;EKG07;KOSTRA-gruppe 7;Kongsvinger;1
3403;3403 Hamar;35,5;35,1;1322635;31509;35,1;NA;EKG10;KOSTRA-gruppe 10;Hamar;1
3405;3405 Lillehammer;31,8;30,5;961554;28493;30,5;NA;EKG09;KOSTRA-gruppe 9;Lillehammer;1
3407;3407 GjÃ¯Â¿Â½vik;37,8;37,8;1044780;30395;37,8;NA;EKG10;KOSTRA-gruppe 10;Gjøvik;1
3411;3411 Ringsaker;35,0;35,2;1186883;34897;35,2;NA;EKG10;KOSTRA-gruppe 10;Ringsaker;1
3412;3412 LÃ¯Â¿Â½ten;8,5;8,5;229874;7625;8,5;NA;EKG01;KOSTRA-gruppe 1;Løten;1
3413;3413 Stange;18,7;19,2;752486;21072;19,2;NA;EKG09;KOSTRA-gruppe 9;Stange;1
3414;3414 Nord-Odal;5,6;5,6;211121;5038;5,6;NA;EKG01;KOSTRA-gruppe 1;Nord-Odal;1
3415;3415 SÃ¯Â¿Â½r-Odal;10,0;9,5;263537;7914;9,5;NA;EKG01;KOSTRA-gruppe 1;Sør-Odal;1
3416;3416 Eidskog;7,7;6,7;340551;6099;6,7;NA;EKG04;KOSTRA-gruppe 4;Eidskog;1
3417;3417 Grue;4,7;4,3;212078;4545;4,3;NA;EKG01;KOSTRA-gruppe 1;Grue;1
3418;3418 Ã¯Â¿Â½snes;8,6;8,8;337979;7227;8,8;NA;EKG01;KOSTRA-gruppe 1;Åsnes;1
3419;3419 VÃ¯Â¿Â½ler (Hedmark);3,1;3,1;148577;3587;3,1;NA;EKG04;KOSTRA-gruppe 4;Våler (Innlandet);1
3420;3420 Elverum;21,3;20,5;702615;21292;20,5;NA;EKG09;KOSTRA-gruppe 9;Elverum;1
3421;3421 Trysil;9,0;9,0;348267;6580;9,0;NA;EKG04;KOSTRA-gruppe 4;Trysil;1
3422;3422 Ã¯Â¿Â½mot;6,3;NA;163266;4338;6,3;NA;EKG04;KOSTRA-gruppe 4;Åmot;2
3423;3423 Stor-Elvdal;2,0;2,7;112231;2378;2,7;NA;EKG05;KOSTRA-gruppe 5;Stor-Elvdal;1
3424;3424 Rendalen;2,0;2,0;71122;1741;2,0;NA;EKG14;KOSTRA-gruppe 14;Rendalen;1
3425;3425 Engerdal;2,1;2,2;70401;1250;2,2;NA;EKG15;KOSTRA-gruppe 15;Engerdal;1
3426;3426 Tolga;1,6;1,9;50539;1563;1,9;NA;EKG14;KOSTRA-gruppe 14;Tolga;1
3427;3427 Tynset;6,0;0,2;237421;5537;6,0;NA;EKG02;KOSTRA-gruppe 2;Tynset;1
3428;3428 Alvdal;3,8;3,8;100777;2405;3,8;NA;EKG05;KOSTRA-gruppe 5;Alvdal;1
3429;3429 Folldal;2,9;2,7;81971;1518;2,7;NA;EKG14;KOSTRA-gruppe 14;Folldal;1
3430;3430 Os;1,8;1,8;95540;1870;1,8;NA;EKG14;KOSTRA-gruppe 14;Os;1
3431;3431 Dovre;3,8;4,2;100403;2512;4,2;NA;EKG04;KOSTRA-gruppe 4;Dovre;1
3432;3432 Lesja;2,2;2,2;85393;1980;2,2;NA;EKG14;KOSTRA-gruppe 14;Lesja;1
3433;3433 SkjÃ¯Â¿Â½k;2,5;2,5;100708;2183;2,5;NA;EKG05;KOSTRA-gruppe 5;Skjåk;1
3434;3434 Lom;2,5;2,7;107445;2204;2,7;NA;EKG05;KOSTRA-gruppe 5;Lom;1
3435;3435 VÃ¯Â¿Â½gÃ¯Â¿Â½;4,9;4,9;155061;3564;4,9;NA;EKG04;KOSTRA-gruppe 4;Vågå;1
3436;3436 Nord-Fron;7,0;7,1;249187;5705;7,1;NA;EKG02;KOSTRA-gruppe 2;Nord-Fron;1
3437;3437 Sel;6,4;7,0;217497;5592;7,0;NA;EKG04;KOSTRA-gruppe 4;Sel;1
3438;3438 SÃ¯Â¿Â½r-Fron;5,9;4,2;118682;3064;4,2;NA;EKG05;KOSTRA-gruppe 5;Sør-Fron;1
3439;3439 Ringebu;6,1;5,9;183697;4408;6,0;NA;EKG02;KOSTRA-gruppe 2;Ringebu;1
3440;3440 Ã¯Â¿Â½yer;5,7;5,7;199615;5093;5,7;NA;EKG02;KOSTRA-gruppe 2;Øyer;1
3441;3441 Gausdal;6,2;6,2;227446;6023;6,2;NA;EKG01;KOSTRA-gruppe 1;Gausdal;1
3442;3442 Ã¯Â¿Â½stre Toten;16,5;16,5;511057;14871;16,5;NA;EKG07;KOSTRA-gruppe 7;Østre Toten;1
3443;3443 Vestre Toten;13,6;15,4;404579;13459;15,4;NA;EKG07;KOSTRA-gruppe 7;Vestre Toten;1
3446;3446 Gran;14,3;13,6;496130;13611;13,6;NA;EKG07;KOSTRA-gruppe 7;Gran;1
3447;3447 SÃ¯Â¿Â½ndre Land;6,1;6,0;261753;5579;6,0;NA;EKG04;KOSTRA-gruppe 4;Søndre Land;1
3448;3448 Nordre Land;8,7;8,7;268330;6581;8,7;NA;EKG01;KOSTRA-gruppe 1;Nordre Land;1
3449;3449 SÃ¯Â¿Â½r-Aurdal;3,8;3,8;157474;2904;3,8;NA;EKG04;KOSTRA-gruppe 4;Sør-Aurdal;1
3450;3450 Etnedal;1,5;1,5;64360;1257;1,5;NA;EKG14;KOSTRA-gruppe 14;Etnedal;1
3451;3451 Nord-Aurdal;8,7;8,7;308645;6360;8,7;NA;EKG02;KOSTRA-gruppe 2;Nord-Aurdal;1
3452;3452 Vestre Slidre;2,2;2,2;88050;2120;2,2;NA;EKG05;KOSTRA-gruppe 5;Vestre Slidre;1
3453;3453 Ã¯Â¿Â½ystre Slidre;3,8;3,8;132945;3236;3,8;NA;EKG04;KOSTRA-gruppe 4;Øystre Slidre;1
3454;3454 Vang;2,0;2,0;95221;1573;2,0;NA;EKG15;KOSTRA-gruppe 15;Vang;1
3801;3801 Horten;19,8;19,8;840912;27510;19,8;NA;EKG09;KOSTRA-gruppe 9;Horten;1
3802;3802 Holmestrand;23,6;25,6;800713;25011;25,6;NA;EKG09;KOSTRA-gruppe 9;Holmestrand;1
3803;3803 TÃ¯Â¿Â½nsberg;50,7;51,2;1790555;57026;51,2;NA;EKG11;KOSTRA-gruppe 11;Tønsberg;1
3804;3804 Sandefjord;63,3;62,1;2230663;64345;62,1;NA;EKG11;KOSTRA-gruppe 11;Sandefjord;1
3805;3805 Larvik;50,3;50,6;1541357;47499;50,6;NA;EKG11;KOSTRA-gruppe 11;Larvik;1
3806;3806 Porsgrunn;30,8;32,3;1227009;36526;32,3;NA;EKG10;KOSTRA-gruppe 10;Porsgrunn;1
3807;3807 Skien;41,3;41,7;1768077;55144;41,7;NA;EKG11;KOSTRA-gruppe 11;Skien;1
3808;3808 Notodden;13,7;12,1;489811;12994;12,1;NA;EKG07;KOSTRA-gruppe 7;Notodden;1
3811;3811 FÃ¯Â¿Â½rder;24,5;27,0;912015;26957;26,0;NA;EKG09;KOSTRA-gruppe 9;Færder;1
3812;3812 Siljan;2,6;2,6;75753;2347;2,6;NA;EKG04;KOSTRA-gruppe 4;Siljan;1
3813;3813 Bamble;15,7;15,5;490219;14014;15,5;NA;EKG07;KOSTRA-gruppe 7;Bamble;1
3814;3814 KragerÃ¯Â¿Â½;10,6;10,5;369381;10416;10,5;NA;EKG07;KOSTRA-gruppe 7;Kragerø;1
3815;3815 Drangedal;4,8;5,3;155770;4071;5,3;NA;EKG04;KOSTRA-gruppe 4;Drangedal;1
3816;3816 Nome;7,6;7,5;265728;6488;7,5;NA;EKG05;KOSTRA-gruppe 5;Nome;1
3817;3817 Midt-Telemark;11,9;12,1;413336;10461;12,1;NA;EKG07;KOSTRA-gruppe 7;Midt-Telemark;1
3818;3818 Tinn;8,0;8,0;285318;5604;8,0;NA;EKG06;KOSTRA-gruppe 6;Tinn;1
3819;3819 Hjartdal;1,5;1,3;80306;1561;1,3;NA;EKG14;KOSTRA-gruppe 14;Hjartdal;1
3820;3820 Seljord;3,0;3,0;119986;2900;3,0;NA;EKG05;KOSTRA-gruppe 5;Seljord;1
3821;3821 Kviteseid;2,2;2,2;111156;2430;2,2;NA;EKG04;KOSTRA-gruppe 4;Kviteseid;1
3822;3822 Nissedal;1,8;1,4;73699;1430;1,4;NA;EKG14;KOSTRA-gruppe 14;Nissedal;1
3823;3823 Fyresdal;1,9;1,8;63321;1228;1,8;NA;EKG14;KOSTRA-gruppe 14;Fyresdal;1
3824;3824 Tokke;4,2;3,3;118327;2164;3,3;NA;EKG06;KOSTRA-gruppe 6;Tokke;1
3825;3825 Vinje;5,7;NA;217656;3756;5,7;NA;EKG06;KOSTRA-gruppe 6;Vinje;2
4201;4201 RisÃ¯Â¿Â½r;7,0;7,0;250097;6762;7,0;NA;EKG01;KOSTRA-gruppe 1;Risør;1
4202;4202 Grimstad;18,8;17,4;686399;23891;17,4;NA;EKG09;KOSTRA-gruppe 9;Grimstad;1
4203;4203 Arendal;41,5;40,8;1436396;45065;40,8;NA;EKG11;KOSTRA-gruppe 11;Arendal;1
4204;4204 Kristiansand;94,8;97,1;3001613;112588;97,1;NA;EKG12;KOSTRA-gruppe 12;Kristiansand;1
4205;4205 Lindesnes;23,5;25,4;825885;23055;25,4;NA;EKG09;KOSTRA-gruppe 9;Lindesnes;1
4206;4206 Farsund;7,6;7,6;341645;9645;7,6;NA;EKG01;KOSTRA-gruppe 1;Farsund;1
4207;4207 Flekkefjord;10,6;10,6;379856;9027;10,6;NA;EKG04;KOSTRA-gruppe 4;Flekkefjord;1
4211;4211 Gjerstad;3,4;3,4;100941;2430;3,4;NA;EKG05;KOSTRA-gruppe 5;Gjerstad;1
4212;4212 VegÃ¯Â¿Â½rshei;2,3;2,3;75659;2128;2,3;NA;EKG04;KOSTRA-gruppe 4;Vegårshei;1
4213;4213 Tvedestrand;8,3;8,3;239924;6067;8,3;NA;EKG01;KOSTRA-gruppe 1;Tvedestrand;1
4214;4214 Froland;4,7;4,7;182002;6004;4,7;NA;EKG01;KOSTRA-gruppe 1;Froland;1
4215;4215 Lillesand;12,8;12,8;367573;11180;12,8;NA;EKG07;KOSTRA-gruppe 7;Lillesand;1
4216;4216 Birkenes;4,8;4,8;164152;5274;4,8;NA;EKG01;KOSTRA-gruppe 1;Birkenes;1
4217;4217 Ã¯Â¿Â½mli;2,0;2,0;86232;1822;2,0;NA;EKG14;KOSTRA-gruppe 14;Åmli;1
4218;4218 Iveland;2,0;2,0;43939;1335;2,0;NA;EKG14;KOSTRA-gruppe 14;Iveland;1
4219;4219 Evje og Hornnes;3,6;3,6;121568;3619;3,6;NA;EKG04;KOSTRA-gruppe 4;Evje og Hornnes;1
4220;4220 Bygland;0,8;0,8;60493;1142;0,8;NA;EKG14;KOSTRA-gruppe 14;Bygland;1
4221;4221 Valle;1,0;1,0;67456;1169;1,0;NA;EKG15;KOSTRA-gruppe 15;Valle;1
4222;4222 Bykle;1,0;1,0;59927;930;1,0;NA;EKG17;KOSTRA-gruppe 17;Bykle;1
4223;4223 Vennesla;13,2;14,2;454601;14935;14,2;NA;EKG07;KOSTRA-gruppe 7;Vennesla;1
4224;4224 Ã¯Â¿Â½seral;1,0;1,0;41937;927;1,0;NA;EKG15;KOSTRA-gruppe 15;Åseral;1
4225;4225 Lyngdal;12,0;NA;367854;10464;11,1;NA;EKG07;KOSTRA-gruppe 7;Lyngdal;2
4226;4226 HÃ¯Â¿Â½gebostad;2,0;2,0;71539;1690;2,0;NA;EKG14;KOSTRA-gruppe 14;Hægebostad;1
4227;4227 Kvinesdal;5,8;5,8;253844;5922;5,8;NA;EKG05;KOSTRA-gruppe 5;Kvinesdal;1
4228;4228 Sirdal;2,0;2,0;112662;1772;2,0;NA;EKG17;KOSTRA-gruppe 17;Sirdal;1
4601;4601 Bergen;260,8;260,2;8529723;285601;260,2;NA;EKG12;KOSTRA-gruppe 12;Bergen;1
4602;4602 Kinn;16,1;16,1;634913;17160;16,1;NA;EKG07;KOSTRA-gruppe 7;Kinn;1
4611;4611 Etne;4,4;4,4;156905;4053;4,4;NA;EKG04;KOSTRA-gruppe 4;Etne;1
4612;4612 Sveio;5,0;5,0;180301;5798;5,0;NA;EKG01;KOSTRA-gruppe 1;Sveio;1
4613;4613 BÃ¯Â¿Â½mlo;8,6;8,8;430254;11953;8,8;NA;EKG08;KOSTRA-gruppe 8;Bømlo;1
4614;4614 Stord;14,3;14,3;620768;18861;14,3;NA;EKG07;KOSTRA-gruppe 7;Stord;1
4615;4615 Fitjar;3,2;3,1;125254;3147;3,1;NA;EKG05;KOSTRA-gruppe 5;Fitjar;1
4616;4616 Tysnes;3,6;3,6;121362;2924;3,6;NA;EKG05;KOSTRA-gruppe 5;Tysnes;1
4617;4617 Kvinnherad;14,0;14,0;508588;13039;14,0;NA;EKG08;KOSTRA-gruppe 8;Kvinnherad;1
4618;4618 Ullensvang;12,5;13,3;524242;11002;13,3;NA;EKG08;KOSTRA-gruppe 8;Ullensvang;1
4619;4619 Eidfjord;1,9;1,4;62929;903;1,4;NA;EKG17;KOSTRA-gruppe 17;Eidfjord;1
4620;4620 Ulvik;2,0;2,2;55557;1061;2,2;NA;EKG14;KOSTRA-gruppe 14;Ulvik;1
4621;4621 Voss;15,9;18,1;543790;15787;18,1;NA;EKG07;KOSTRA-gruppe 7;Voss;1
4622;4622 Kvam;11,6;11,6;344157;8461;11,6;NA;EKG05;KOSTRA-gruppe 5;Kvam;1
4623;4623 Samnanger;2,0;2,0;90072;2504;2,0;NA;EKG04;KOSTRA-gruppe 4;Samnanger;1
4624;4624 BjÃ¯Â¿Â½rnafjorden;19,2;20,2;868050;25049;20,2;NA;EKG09;KOSTRA-gruppe 9;Bjørnafjorden;1
4625;4625 Austevoll;4,5;5,3;168150;5276;5,3;NA;EKG02;KOSTRA-gruppe 2;Austevoll;1
4626;4626 Ã¯Â¿Â½ygarden;29,6;30,0;1009586;38664;30,0;NA;EKG10;KOSTRA-gruppe 10;Øygarden;1
4627;4627 AskÃ¯Â¿Â½y;19,7;21,5;754147;29594;21,5;NA;EKG09;KOSTRA-gruppe 9;Askøy;1
4628;4628 Vaksdal;4,3;4,3;188932;3918;4,3;NA;EKG05;KOSTRA-gruppe 5;Vaksdal;1
4629;4629 Modalen;1,0;1,0;37163;376;1,0;NA;EKG17;KOSTRA-gruppe 17;Modalen;1
4630;4630 OsterÃ¯Â¿Â½y;8,0;8,0;283451;8080;8,0;NA;EKG01;KOSTRA-gruppe 1;Osterøy;1
4631;4631 Alver;29,4;30,5;1048587;29337;30,5;NA;EKG09;KOSTRA-gruppe 9;Alver;1
4632;4632 Austrheim;3,1;2,4;110504;2860;2,4;NA;EKG04;KOSTRA-gruppe 4;Austrheim;1
4633;4633 Fedje;1,0;1,0;33231;525;1,0;NA;EKG16;KOSTRA-gruppe 16;Fedje;1
4634;4634 Masfjorden;2,0;2,0;91721;1660;2,0;NA;EKG14;KOSTRA-gruppe 14;Masfjorden;1
4635;4635 Gulen;2,0;2,0;129447;2272;2,0;NA;EKG06;KOSTRA-gruppe 6;Gulen;1
4636;4636 Solund;1,0;2,0;43679;786;2,0;NA;EKG15;KOSTRA-gruppe 15;Solund;1
4637;4637 Hyllestad;2,6;2,3;83379;1294;2,3;NA;EKG14;KOSTRA-gruppe 14;Hyllestad;1
4638;4638 HÃ¯Â¿Â½yanger;5,6;5,6;212694;4049;5,6;NA;EKG06;KOSTRA-gruppe 6;Høyanger;1
4639;4639 Vik;3,8;3,8;151366;2611;3,8;NA;EKG06;KOSTRA-gruppe 6;Vik;1
4640;4640 Sogndal;13,1;13,1;521176;11938;13,1;NA;EKG08;KOSTRA-gruppe 8;Sogndal;1
4641;4641 Aurland;2,0;NA;110241;1777;3,0;NA;EKG17;KOSTRA-gruppe 17;Aurland;2
4642;4642 LÃ¯Â¿Â½rdal;3,4;3,3;120345;2129;3,3;NA;EKG05;KOSTRA-gruppe 5;Lærdal;1
4643;4643 Ã¯Â¿Â½rdal;6,4;6,4;285693;5170;6,4;NA;EKG02;KOSTRA-gruppe 2;Årdal;1
4644;4644 Luster;7,1;6,7;225094;5189;6,7;NA;EKG05;KOSTRA-gruppe 5;Luster;1
4645;4645 Askvoll;4,0;4,0;155348;2991;4,0;NA;EKG04;KOSTRA-gruppe 4;Askvoll;1
4646;4646 Fjaler;2,7;2,8;141224;2885;2,8;NA;EKG05;KOSTRA-gruppe 5;Fjaler;1
4647;4647 Sunnfjord;22,0;22,0;789141;22020;22,0;NA;EKG09;KOSTRA-gruppe 9;Sunnfjord;1
4648;4648 Bremanger;4,3;4,4;210947;3597;4,4;NA;EKG05;KOSTRA-gruppe 5;Bremanger;1
4649;4649 Stad;10,2;9,4;366157;9517;9,4;NA;EKG02;KOSTRA-gruppe 2;Stad;1
4650;4650 Gloppen;8,0;8,8;231940;5885;8,8;NA;EKG04;KOSTRA-gruppe 4;Gloppen;1
4651;4651 Stryn;7,5;7,8;254309;7118;7,8;NA;EKG01;KOSTRA-gruppe 1;Stryn;1
5001;5001 Trondheim;208,3;209,1;5658953;207595;209,1;NA;EKG12;KOSTRA-gruppe 12;Trondheim;1
5006;5006 Steinkjer;16,3;23,0;772433;24152;23,4;NA;EKG09;KOSTRA-gruppe 9;Steinkjer;1
5007;5007 Namsos;14,7;14,7;596804;15096;14,7;NA;EKG08;KOSTRA-gruppe 8;Namsos - Nåavmesjenjaelmie;1
5014;5014 FrÃ¯Â¿Â½ya;4,0;4,0;201392;5204;4,0;NA;EKG03;KOSTRA-gruppe 3;Frøya;1
5020;5020 Osen;1,2;1,2;41388;925;1,2;NA;EKG15;KOSTRA-gruppe 15;Osen;1
5021;5021 Oppdal;6,6;6,6;252364;6981;6,6;NA;EKG02;KOSTRA-gruppe 2;Oppdal;1
5022;5022 Rennebu;3,5;3,5;111119;2454;3,5;NA;EKG05;KOSTRA-gruppe 5;Rennebu;1
5025;5025 RÃ¯Â¿Â½ros;5,8;5,0;221183;5550;5,0;NA;EKG02;KOSTRA-gruppe 2;Røros;1
5026;5026 HoltÃ¯Â¿Â½len;1,5;1,4;81969;1968;1,4;NA;EKG14;KOSTRA-gruppe 14;Holtålen;1
5027;5027 Midtre Gauldal;5,0;5,9;218512;6243;5,9;NA;EKG01;KOSTRA-gruppe 1;Midtre Gauldal;1
5028;5028 Melhus;14,6;14,9;506426;16949;14,9;NA;EKG07;KOSTRA-gruppe 7;Melhus;1
5029;5029 Skaun;6,3;5,7;170665;8367;5,7;NA;EKG01;KOSTRA-gruppe 1;Skaun;1
5031;5031 Malvik;12,9;13,0;353980;14334;13,0;NA;EKG07;KOSTRA-gruppe 7;Malvik;1
5032;5032 Selbu;5,0;5,0;164293;4069;5,0;NA;EKG04;KOSTRA-gruppe 4;Selbu;1
5033;5033 Tydal;1,1;1,4;47559;759;1,4;NA;EKG17;KOSTRA-gruppe 17;Tydal;1
5034;5034 MerÃ¯Â¿Â½ker;3,3;3,8;114842;2413;3,8;NA;EKG05;KOSTRA-gruppe 5;Meråker;1
5035;5035 StjÃ¯Â¿Â½rdal;18,8;20,9;772217;24283;20,9;NA;EKG09;KOSTRA-gruppe 9;Stjørdal;1
5036;5036 Frosta;2,8;2,8;95366;2609;2,8;NA;EKG04;KOSTRA-gruppe 4;Frosta;1
5037;5037 Levanger;24,8;23,3;634536;20170;23,3;NA;EKG09;KOSTRA-gruppe 9;Levanger;1
5038;5038 Verdal;12,1;12,4;444588;14986;12,4;NA;EKG07;KOSTRA-gruppe 7;Verdal;1
5041;5041 SnÃ¯Â¿Â½ase - SnÃ¯Â¿Â½sa;1,8;1,8;89665;2054;1,8;NA;EKG05;KOSTRA-gruppe 5;Snåase - Snåsa;1
5042;5042 Lierne;1,8;2,0;68507;1328;2,0;NA;EKG15;KOSTRA-gruppe 15;Lierne;1
5043;5043 Raarvihke - RÃ¯Â¿Â½yrvik;0,8;0,8;32492;459;0,8;NA;EKG16;KOSTRA-gruppe 16;Raarvihke - Røyrvik;1
5044;5044 Namsskogan;1,1;1,0;52154;846;1,0;NA;EKG15;KOSTRA-gruppe 15;Namsskogan;1
5045;5045 Grong;3,5;3,3;106431;2347;3,3;NA;EKG06;KOSTRA-gruppe 6;Grong;1
5046;5046 HÃ¯Â¿Â½ylandet;2,2;2,2;67185;1215;2,2;NA;EKG14;KOSTRA-gruppe 14;Høylandet;1
5047;5047 Overhalla;3,4;3,6;114229;3865;3,6;NA;EKG04;KOSTRA-gruppe 4;Overhalla;1
5049;5049 Flatanger;2,2;NA;57305;1100;2,2;NA;EKG15;KOSTRA-gruppe 15;Flatanger;2
5052;5052 Leka;1,0;1,0;42999;563;1,0;NA;EKG16;KOSTRA-gruppe 16;Leka;1
5053;5053 InderÃ¯Â¿Â½y;12,0;NA;203344;6764;8,0;NA;EKG01;KOSTRA-gruppe 1;Inderøy;2
5054;5054 Indre Fosen;9,4;9,4;389421;9948;9,4;NA;EKG07;KOSTRA-gruppe 7;Indre Fosen;1
5055;5055 Heim;5,3;5,5;223689;5941;5,5;NA;EKG02;KOSTRA-gruppe 2;Heim;1
5056;5056 Hitra;5,4;5,4;192727;5140;5,4;NA;EKG03;KOSTRA-gruppe 3;Hitra;1
5057;5057 Ã¯Â¿Â½rland;10,1;11,0;313834;10306;11,0;NA;EKG08;KOSTRA-gruppe 8;Ørland;1
5058;5058 Ã¯Â¿Â½fjord;6,0;6,0;203679;4271;6,0;NA;EKG06;KOSTRA-gruppe 6;Åfjord;1
5059;5059 Orkland;18,9;19,4;641844;18300;19,4;NA;EKG07;KOSTRA-gruppe 7;Orkland;1
5060;5060 NÃ¯Â¿Â½rÃ¯Â¿Â½ysund;7,5;10,0;396327;9581;10,0;NA;EKG03;KOSTRA-gruppe 3;Nærøysund;1
5061;5061 Rindal;1,8;1,8;99628;1989;1,8;NA;EKG04;KOSTRA-gruppe 4;Rindal;1
5401;5401 TromsÃ¯Â¿Â½;72,0;74,2;2368003;77095;74,2;NA;EKG12;KOSTRA-gruppe 12;Tromsø;1
5402;5402 Harstad;45,2;33,5;883048;24738;33,5;NA;EKG09;KOSTRA-gruppe 9;Harstad - Hárstták;1
5403;5403 Alta;24,0;25,0;894541;20847;25,0;NA;EKG09;KOSTRA-gruppe 9;Alta;1
5404;5404 VardÃ¯Â¿Â½;2,8;2,8;77909;1959;2,8;NA;EKG03;KOSTRA-gruppe 3;Vardø;1
5405;5405 VadsÃ¯Â¿Â½;7,8;7,8;254240;5642;7,8;NA;EKG03;KOSTRA-gruppe 3;Vadsø;1
5406;5406 Hammerfest;11,0;8,6;563448;11331;8,6;NA;EKG08;KOSTRA-gruppe 8;Hammerfest - Hámmerfeasta;1
5411;5411 KvÃ¯Â¿Â½fjord;5,8;5,8;237437;2822;5,8;NA;EKG06;KOSTRA-gruppe 6;Kvæfjord;1
5412;5412 Tjeldsund;4,0;5,8;209050;4209;5,8;NA;EKG06;KOSTRA-gruppe 6;Dielddanuorri - Tjeldsund;1
5413;5413 Ibestad;1,0;1,0;83080;1320;1,0;NA;EKG15;KOSTRA-gruppe 15;Ibestad;1
5414;5414 Gratangen;1,7;1,9;61556;1092;1,9;NA;EKG15;KOSTRA-gruppe 15;Gratangen;1
5415;5415 LoabÃ¯Â¿Â½k - Lavangen;1,0;1,0;53971;1020;1,0;NA;EKG15;KOSTRA-gruppe 15;Loabák - Lavangen;1
5416;5416 Bardu;4,0;4,0;159804;3959;4,0;NA;EKG06;KOSTRA-gruppe 6;Bardu;1
5417;5417 Salangen;2,0;2,0;112991;2089;2,0;NA;EKG06;KOSTRA-gruppe 6;Salangen;1
5418;5418 MÃ¯Â¿Â½lselv;5,8;5,8;260917;6609;5,8;NA;EKG02;KOSTRA-gruppe 2;Målselv;1
5419;5419 SÃ¯Â¿Â½rreisa;3,0;3,0;122915;3465;3,0;NA;EKG01;KOSTRA-gruppe 1;Sørreisa;1
5420;5420 DyrÃ¯Â¿Â½y;2,0;2,0;55884;1063;2,0;NA;EKG15;KOSTRA-gruppe 15;Dyrøy;1
5421;5421 Senja;17,6;17,7;677316;14725;17,7;NA;EKG08;KOSTRA-gruppe 8;Senja;1
5422;5422 Balsfjord;6,3;6,2;249939;5559;6,2;NA;EKG04;KOSTRA-gruppe 4;Balsfjord;1
5423;5423 KarlsÃ¯Â¿Â½y;3,0;3,0;123517;2172;3,0;NA;EKG06;KOSTRA-gruppe 6;Karlsøy;1
5424;5424 Lyngen;4,0;4,0;142023;2773;4,0;NA;EKG05;KOSTRA-gruppe 5;Lyngen;1
5425;5425 Storfjord - Omasvuotna - Omasvuono;2,0;1,8;88699;1831;1,8;NA;EKG15;KOSTRA-gruppe 15;Storfjord - Omasvuotna - Omasvuono;1
5426;5426 GÃ¯Â¿Â½ivuotna - KÃ¯Â¿Â½fjord - Kaivuono;2,1;2,1;104559;2072;2,1;NA;EKG06;KOSTRA-gruppe 6;Gáivuotna - Kåfjord - Kaivuono;1
5427;5427 SkjervÃ¯Â¿Â½y;3,8;NA;129106;2893;4,0;NA;EKG06;KOSTRA-gruppe 6;Skjervøy;2
5428;5428 Nordreisa;5,0;5,0;189278;4812;5,0;NA;EKG05;KOSTRA-gruppe 5;Nordreisa - Ráisa - Raisi;1
5429;5429 KvÃ¯Â¿Â½nangen;2,8;2,8;84296;1166;2,8;NA;EKG15;KOSTRA-gruppe 15;Kvænangen;1
5430;5430 Guovdageaidnu-Kautokeino;3,1;2,1;143681;2920;2,1;NA;EKG06;KOSTRA-gruppe 6;Guovdageaidnu - Kautokeino;1
5432;5432 Loppa;1,9;2,0;70794;860;2,0;NA;EKG15;KOSTRA-gruppe 15;Loppa;1
5433;5433 Hasvik;1,0;1,0;65577;983;1,0;NA;EKG15;KOSTRA-gruppe 15;Hasvik;1
5434;5434 MÃ¯Â¿Â½sÃ¯Â¿Â½y;1,0;1,0;66852;1197;1,0;NA;EKG15;KOSTRA-gruppe 15;Måsøy;1
5435;5435 Nordkapp;3,0;3,0;123004;3075;3,0;NA;EKG03;KOSTRA-gruppe 3;Nordkapp;1
5436;5436 Porsanger - PorsÃ¯Â¿Â½?gu - PorsankiÃ¯Â¿Â½;6,1;5,1;144943;3921;5,1;NA;EKG03;KOSTRA-gruppe 3;Porsanger - Porsángu - Porsanki;1
5437;5437 KÃ¯Â¿Â½rÃ¯Â¿Â½johka-Karasjok;2,4;1,9;116669;2641;1,9;NA;EKG05;KOSTRA-gruppe 5;Kárá?johka - Karasjok;1
5438;5438 Lebesby;2,0;2,0;77524;1271;2,0;NA;EKG15;KOSTRA-gruppe 15;Lebesby;1
5439;5439 Gamvik;1,0;1,0;63180;1097;1,0;NA;EKG15;KOSTRA-gruppe 15;Gamvik;1
5440;5440 BerlevÃ¯Â¿Â½g;1,0;1,0;59145;928;1,0;NA;EKG15;KOSTRA-gruppe 15;Berlevåg;1
5441;5441 Deatnu-Tana;3,3;NA;147260;2829;3,2;NA;EKG06;KOSTRA-gruppe 6;Deatnu - Tana;2
5442;5442 UnjÃ¯Â¿Â½rga-Nesseby;1,0;1,1;53082;880;1,1;NA;EKG15;KOSTRA-gruppe 15;Unjárga - Nesseby;1
5443;5443 BÃ¯Â¿Â½tsfjord;2,5;2,6;108614;2200;2,6;NA;EKG06;KOSTRA-gruppe 6;Båtsfjord;1
5444;5444 SÃ¯Â¿Â½r-Varanger;13,0;NA;445878;10103;13,0;NA;EKG08;KOSTRA-gruppe 8;Sør-Varanger;2
